resource,stage,denier_band,rated_kg_per_day,rated_kg_30d,produced_kg_30d,idle_no_orders_kg_30d,changeover_loss_kg_30d,manpower_loss_kg_30d,breakdown_loss_kg_30d,colour_family_changes_30d,median_lot_kg_30d,booked_days_ahead,planner_note
L01,extrusion,50-75D,1800,54000,48576,3240,1275,846,63,1,2600,14,
L02,extrusion,50-75D,1800,54000,49784,0,2414,1261,541,1,2200,11,
L03,extrusion,50-75D,1800,54000,37722,11340,2991,117,1830,2,1400,0,
L04,extrusion,50-75D,1800,54000,49925,1080,2572,139,283,0,1800,10,
L05,extrusion,50-75D,1800,54000,50725,0,2536,420,319,1,1800,5,
L06,extrusion,76-150D,1800,54000,49572,2160,1510,410,348,0,1400,14,
L07,extrusion,76-150D,1800,54000,46535,0,1514,11,5940,1,2200,4,Bearing change 22-25 Sep
L08,extrusion,76-150D,1800,54000,49394,1080,1837,115,1574,1,900,10,"Plant Head: big-lot line, keep small lots off it"
L09,extrusion,76-150D,1800,54000,43052,7560,1429,272,1686,1,2200,13,
L10,extrusion,76-150D,1800,54000,48325,1080,2068,538,1988,2,1800,11,
L11,extrusion,151-300D,1800,54000,45703,2160,3197,1418,1522,1,3000,3,
L12,extrusion,151-300D,1800,54000,38214,11340,3224,490,732,2,2200,0,
L13,extrusion,151-300D,1800,54000,47715,3240,1357,751,937,0,1800,8,
L14,extrusion,151-300D,1800,54000,49364,0,2741,1249,646,1,2200,6,
TX01,texturising,all,1100,33000,27584,0,2118,574,82,4,700,20,
TX02,texturising,all,1100,33000,30778,0,1255,661,397,3,700,20,
TX03,texturising,all,1100,33000,30530,0,1547,1369,664,7,700,23,
TX04,texturising,all,1100,33000,26317,0,1805,1382,78,6,1100,18,
TX05,texturising,all,1100,33000,29189,0,1182,1619,817,7,1100,17,
TX06,texturising,all,1100,33000,26650,0,1747,1950,163,6,1100,20,
TW01,twisting,all,600,18000,8940,0,537,7886,149,1,500,26,Short of trained operators; borrowing from texturising
TW02,twisting,all,600,18000,10184,0,533,6665,231,3,500,24,Short of trained operators; borrowing from texturising
TW03,twisting,all,600,18000,8732,0,473,8586,587,1,600,27,
TW04,twisting,all,600,18000,9077,0,392,8018,386,3,600,22,
