so_no,so_line,account_id,account_name,segment,construction,shade_family,polymer,kg,route,assigned_line,current_stage,status,ordered_on,promised_on,predicted_on,predicted_earliest,predicted_latest,priority_flag,priority_set_by,price_rs_per_kg,est_contribution_rs_per_kg,note
4400100,10,A30,Indravati Narrow Fabrics,semi,100/48 SD,raw white,standard,8000,EXT>TX>TW,L07,EXT,running,2026-09-30,2026-10-21,2026-10-29,2026-10-27,2026-11-02,,,485,87,
4400101,10,A02,Rasipuram Agencies,commodity,75/36 FD,raw white,standard,10000,EXT,L02,EXT,pending,2026-10-03,2026-10-17,2026-10-15,2026-10-11,2026-10-24,,,369,30,
4400102,10,A39,Cauvery Delta Weaves,semi,100/48 SD,raw white,standard,8000,EXT>TX,L07,TX,running,2026-10-03,2026-10-21,2026-10-26,2026-10-24,2026-10-30,,,463,83,
4400103,10,A03,Jaiswal Synthetics,specialty,150/48 FD,light,standard,12000,EXT,L08,EXT,pending,2026-10-04,2026-10-18,2026-10-21,2026-10-13,2026-10-29,,,662,265,Pushed back by priority order on L07 (set 30 Sep)
4400104,10,A05,Karnavati Fabric Agency,commodity,75/36 SD,light,standard,8000,EXT,L01,EXT,running,2026-10-02,2026-10-16,2026-10-18,2026-10-16,2026-10-22,,,362,29,
4400105,10,A37,Kollidam Tapes,semi,75/72 FD,raw white,standard,1200,EXT>TX,L04,EXT,running,2026-10-01,2026-10-19,2026-10-22,2026-10-20,2026-10-26,,,449,81,
4400106,10,A07,Kongu Weaves Exports,commodity,100/48 FD,MX,standard,2000,EXT>TX,L07,EXT,pending,2026-10-01,2026-10-19,2026-10-23,2026-10-19,2026-11-01,,,385,31,
4400107,10,A01,Velan Yarn Traders,commodity,200/96 SD,light,standard,10000,EXT>TX,L14,EXT,pending,2026-10-01,2026-10-19,2026-10-22,2026-10-18,2026-10-31,,,364,29,
4400108,10,A04,Bhavani Textile Corporation,commodity,300/144 FD,raw white,standard,600,EXT>TX,L13,EXT,pending,2026-09-23,2026-10-11,2026-10-16,2026-10-12,2026-10-25,,,373,30,
4400109,10,A02,Rasipuram Agencies,commodity,68/24 FD,dark,standard,3000,EXT>TX,L02,TX,running,2026-10-02,2026-10-20,2026-10-21,2026-10-19,2026-10-25,,,369,30,
4400110,10,A01,Velan Yarn Traders,commodity,150/144 SD,dark,standard,12000,EXT,L06,EXT,pending,2026-10-01,2026-10-15,2026-10-22,2026-10-14,2026-10-30,,,364,29,Pushed back by priority order on L07 (set 30 Sep)
4400111,10,A03,Jaiswal Synthetics,commodity,68/24 FD,light,standard,6000,EXT>TX,L05,TX,running,2026-09-28,2026-10-16,2026-10-21,2026-10-19,2026-10-25,,,367,29,
4400112,10,A19,Sabarmati Laces,commodity,75/72 SD,raw white,standard,600,EXT,L05,dispatch,"packed, not invoiced",2026-10-04,2026-10-18,2026-10-26,2026-10-24,2026-10-30,,,397,32,
4400113,10,A07,Kongu Weaves Exports,commodity,68/24 BR,raw white,standard,800,EXT>TX>TW,L01,EXT,running,2026-09-28,2026-10-19,2026-10-19,2026-10-17,2026-10-23,,,385,31,
4400114,10,A02,Rasipuram Agencies,commodity,68/24 SD,light,standard,12000,EXT,L02,EXT,pending,2026-09-28,2026-10-12,2026-10-15,2026-10-11,2026-10-24,,,369,30,
4400115,10,A08,KW Home Textiles,semi,150/144 SD,raw white,standard,500,EXT>TX,L07,EXT,pending,2026-09-24,2026-10-12,2026-10-12,2026-10-08,2026-10-21,,,472,85,
4400116,10,A02,Rasipuram Agencies,commodity,50/24 SD,raw white,standard,8000,EXT>TX,L02,dispatch,"packed, not invoiced",2026-10-02,,2026-10-24,2026-10-22,2026-10-28,,,369,30,
4400117,10,A02,Rasipuram Agencies,commodity,150/144 FD,light,standard,12000,EXT,L10,EXT,pending,2026-10-01,2026-10-15,2026-10-22,2026-10-18,2026-10-31,,,369,30,
4400118,10,A03,Jaiswal Synthetics,commodity,50/24 SD,dope-dyed black,standard,3000,EXT,L01,EXT,running,2026-09-28,,2026-10-14,2026-10-12,2026-10-18,,,367,29,
4400119,10,A05,Karnavati Fabric Agency,semi,250/48 SD,MX,standard,4000,EXT,L14,EXT,pending,2026-09-24,2026-10-08,2026-10-13,2026-10-09,2026-10-22,,,438,79,
4400120,10,A03,Jaiswal Synthetics,semi,50/24 SD,light,standard,10000,EXT>TW,L02,EXT,pending,2026-10-04,2026-10-25,2026-10-29,2026-10-25,2026-11-07,,,444,80,
4400121,10,A41,Godavari Trading Co,commodity,150/48 SD,dark,standard,10000,EXT,L10,EXT,pending,2026-09-28,2026-10-12,2026-10-19,2026-10-15,2026-10-28,,,376,30,
4400122,10,A01,Velan Yarn Traders,commodity,120/48 SD,raw white,standard,8000,EXT,L10,dispatch,"packed, not invoiced",2026-10-04,2026-10-18,2026-10-18,2026-10-16,2026-10-22,,,364,29,
4400123,10,A01,Velan Yarn Traders,commodity,200/96 SD,raw white,standard,6000,EXT>TX,L12,TX,running,2026-10-03,2026-10-21,2026-10-21,2026-10-19,2026-10-25,,,364,29,
4400124,10,A08,KW Home Textiles,commodity,300/96 SD,light,standard,800,EXT>TX>TW,L12,EXT,pending,2026-09-23,2026-10-14,2026-10-12,2026-10-08,2026-10-21,,,390,31,
4400125,10,A37,Kollidam Tapes,commodity,300/144 FD,raw white,standard,1200,EXT>TW,L12,TW,running,2026-09-30,2026-10-21,2026-10-21,2026-10-19,2026-10-25,,,371,30,
4400126,10,A22,Palar Furnishing Fabrics,commodity,200/96 FD,raw white,standard,4000,EXT>TX,L13,EXT,pending,2026-09-27,2026-10-15,2026-10-15,2026-10-11,2026-10-24,,,383,31,
4400127,10,A29,Thar Rugs,commodity,120/48 FD,light,standard,2500,EXT,L10,dispatch,"packed, not invoiced",2026-09-28,2026-10-12,2026-10-20,2026-10-18,2026-10-24,,,385,31,
4400128,10,A43,Kosi Rope and Twine,commodity,75/36 SD,light,standard,1500,EXT>TX>TW,L03,EXT,pending,2026-09-27,2026-10-18,2026-10-30,2026-10-26,2026-11-08,,,399,32,
4400129,10,A04,Bhavani Textile Corporation,commodity,200/96 SD,raw white,standard,1200,EXT,L11,EXT,pending,2026-09-26,2026-10-10,2026-10-13,2026-10-09,2026-10-22,,,373,30,
4400130,10,A39,Cauvery Delta Weaves,commodity,120/48 SD,raw white,standard,4000,EXT>TW,L09,EXT,pending,2026-09-25,2026-10-16,2026-10-19,2026-10-15,2026-10-28,,,383,31,
4400131,10,A04,Bhavani Textile Corporation,commodity,150/48 SD,dark,standard,3000,EXT,L06,EXT,pending,2026-09-29,2026-10-13,2026-10-20,2026-10-12,2026-10-28,,,373,30,Pushed back by priority order on L07 (set 30 Sep)
4400132,10,A03,Jaiswal Synthetics,semi,50/24 SD,light,standard,4000,EXT,L02,dispatch,"packed, not invoiced",2026-10-02,2026-10-16,2026-10-19,2026-10-17,2026-10-23,,,444,80,
4400133,10,A01,Velan Yarn Traders,commodity,75/72 SD,raw white,standard,8000,EXT,L05,EXT,pending,2026-10-04,,2026-10-23,2026-10-19,2026-11-01,,,364,29,
4400134,10,A03,Jaiswal Synthetics,commodity,50/24 SD,raw white,standard,10000,EXT>TX,L01,EXT,pending,2026-10-03,2026-10-21,2026-10-23,2026-10-19,2026-11-01,,,367,29,
4400135,10,A05,Karnavati Fabric Agency,commodity,150/48 BR,dope-dyed black,standard,12000,EXT>TX,L06,dispatch,"packed, not invoiced",2026-09-24,2026-10-12,2026-10-13,2026-10-11,2026-10-17,,,362,29,
4400136,10,A01,Velan Yarn Traders,semi,75/72 SD,raw white,standard,4000,EXT>TX,L01,EXT,pending,2026-09-25,2026-10-13,2026-10-18,2026-10-14,2026-10-27,,,441,79,
4400137,10,A02,Rasipuram Agencies,commodity,75/72 BR,MX,standard,10000,EXT>TX>TW,L02,EXT,pending,2026-10-01,2026-10-22,2026-11-05,2026-11-01,2026-11-14,,,369,30,
4400138,10,A05,Karnavati Fabric Agency,semi,150/48 FD,light,standard,12000,EXT,L07,EXT,pending,2026-10-03,2026-10-17,2026-10-21,2026-10-17,2026-10-30,,,438,79,
4400139,10,A03,Jaiswal Synthetics,commodity,200/96 FD,MX,standard,12000,EXT>TX,L12,EXT,pending,2026-09-23,2026-10-11,2026-10-12,2026-10-08,2026-10-21,,,367,29,
4400140,10,A01,Velan Yarn Traders,commodity,100/48 SD,raw white,standard,8000,EXT,L08,EXT,running,2026-10-03,2026-10-17,2026-10-17,2026-10-15,2026-10-21,,,364,29,
4400141,10,A06,Kongu Weaves,semi,75/36 FD,light,standard,2000,EXT,L04,EXT,pending,2026-10-02,2026-10-16,2026-10-10,2026-10-06,2026-10-19,,,464,84,
4400142,10,A03,Jaiswal Synthetics,semi,75/72 SD,raw white,standard,8000,EXT,L02,EXT,pending,2026-09-29,,2026-10-17,2026-10-13,2026-10-26,,,444,80,
4400143,10,A29,Thar Rugs,commodity,120/48 SD,raw white,standard,4000,EXT,L07,EXT,pending,2026-09-26,2026-10-10,2026-10-16,2026-10-12,2026-10-25,,,385,31,
4400144,10,A02,Rasipuram Agencies,commodity,250/48 SD,light,standard,8000,EXT>TX>TW,L11,TX,running,2026-09-29,2026-10-20,2026-10-19,2026-10-17,2026-10-23,,,369,30,
4400145,10,A04,Bhavani Textile Corporation,commodity,200/96 SD,MX,standard,8000,EXT>TX,L14,EXT,pending,2026-09-27,2026-10-15,2026-10-20,2026-10-16,2026-10-29,,,373,30,
4400146,10,A22,Palar Furnishing Fabrics,commodity,150/144 FD,light,standard,2500,EXT>TX>TW,L10,EXT,pending,2026-10-01,2026-10-22,2026-10-24,2026-10-20,2026-11-02,,,383,31,
4400147,10,A06,Kongu Weaves,commodity,150/48 SD,light,standard,3000,EXT,L10,dispatch,"packed, not invoiced",2026-09-25,,2026-10-12,2026-10-10,2026-10-16,,,383,31,
4400148,10,A29,Thar Rugs,commodity,68/24 BR,light,standard,1500,EXT>TX,L04,TX,running,2026-09-27,2026-10-15,2026-10-19,2026-10-17,2026-10-23,,,385,31,
4400149,10,A03,Jaiswal Synthetics,commodity,120/48 SD,raw white,standard,12000,EXT>TX>TW,L09,EXT,pending,2026-09-26,2026-10-17,2026-10-23,2026-10-19,2026-11-01,,,367,29,
4400150,10,A04,Bhavani Textile Corporation,semi,120/48 SD,light,standard,6000,EXT>TX,L07,dispatch,"packed, not invoiced",2026-10-02,2026-10-20,2026-10-24,2026-10-22,2026-10-28,,,452,81,
4400151,10,A06,Kongu Weaves,commodity,150/48 FD,raw white,standard,1000,EXT>TW,L07,EXT,pending,2026-09-30,2026-10-21,2026-10-20,2026-10-16,2026-10-29,,,383,31,
4400152,10,A01,Velan Yarn Traders,commodity,120/48 SD,raw white,standard,4000,EXT,L08,EXT,pending,2026-09-28,,2026-10-19,2026-10-11,2026-10-27,,,364,29,Pushed back by priority order on L07 (set 30 Sep)
4400153,10,A03,Jaiswal Synthetics,commodity,150/48 BR,raw white,standard,4000,EXT>TX,L09,EXT,pending,2026-10-02,2026-10-20,2026-10-20,2026-10-16,2026-10-29,,,367,29,
4400154,10,A29,Thar Rugs,commodity,120/48 BR,dark,standard,8000,EXT>TX,L08,EXT,running,2026-10-03,2026-10-21,2026-10-20,2026-10-18,2026-10-24,,,385,31,
4400155,10,A02,Rasipuram Agencies,commodity,120/48 SD,raw white,standard,4000,EXT,L06,EXT,pending,2026-10-04,2026-10-18,2026-10-14,2026-10-06,2026-10-22,,,369,30,Pushed back by priority order on L07 (set 30 Sep)
4400156,10,A16,Aravali Rug Works,commodity,120/48 BR,light,standard,2500,EXT>TX>TW,L07,EXT,pending,2026-10-04,2026-10-25,2026-10-30,2026-10-26,2026-11-08,,,386,31,
4400157,10,A03,Jaiswal Synthetics,commodity,150/144 FD,dope-dyed black,standard,6000,EXT>TX,L08,dispatch,"packed, not invoiced",2026-09-30,2026-10-18,2026-10-23,2026-10-21,2026-10-27,,,367,29,
4400158,10,A01,Velan Yarn Traders,commodity,150/48 SD,light,standard,12000,EXT,L09,EXT,running,2026-09-30,2026-10-14,2026-10-17,2026-10-15,2026-10-21,,,364,29,
4400159,10,A04,Bhavani Textile Corporation,commodity,300/144 SD,MX,standard,2500,EXT,L11,EXT,running,2026-10-01,2026-10-15,2026-10-14,2026-10-12,2026-10-18,,,373,30,
4400160,10,A01,Velan Yarn Traders,commodity,68/24 SD,raw white,standard,4000,EXT>TX,L02,dispatch,"packed, not invoiced",2026-09-30,,2026-10-20,2026-10-18,2026-10-24,,,364,29,
4400161,10,A21,Konark Shades,commodity,150/48 SD,dark,standard,1500,EXT>TX>TW,L10,EXT,pending,2026-10-03,2026-10-24,2026-10-25,2026-10-21,2026-11-03,,,383,31,
4400162,10,A13,Sathya Tapes,commodity,150/144 SD,light,standard,2000,EXT>TX,L08,EXT,running,2026-10-03,2026-10-21,2026-10-15,2026-10-13,2026-10-19,,,404,32,
4400163,10,A45,Mandovi Sailcloth,semi,300/144 SD,raw white,standard,1000,EXT>TX,L11,TX,running,2026-10-04,2026-10-22,2026-10-27,2026-10-25,2026-10-31,,,475,86,
4400164,10,A05,Karnavati Fabric Agency,commodity,75/36 BR,dark,standard,6000,EXT>TX>TW,L05,EXT,pending,2026-09-24,2026-10-15,2026-10-18,2026-10-14,2026-10-27,,,362,29,
4400165,10,A01,Velan Yarn Traders,commodity,150/48 SD,light,standard,8000,EXT>TX,L06,EXT,running,2026-09-28,2026-10-16,2026-10-18,2026-10-16,2026-10-22,,,364,29,
4400166,10,A06,Kongu Weaves,commodity,150/48 SD,MX,standard,8000,EXT,L10,EXT,pending,2026-10-01,2026-10-15,2026-10-19,2026-10-15,2026-10-28,,,383,31,
4400167,10,A01,Velan Yarn Traders,commodity,100/48 FD,raw white,standard,12000,EXT>TX>TW,L06,EXT,pending,2026-10-01,2026-10-22,2026-10-26,2026-10-18,2026-11-03,,,364,29,Pushed back by priority order on L07 (set 30 Sep)
4400168,10,A43,Kosi Rope and Twine,commodity,300/96 BR,raw white,standard,800,EXT>TX>TW,L14,EXT,pending,2026-09-30,2026-10-21,2026-10-29,2026-10-25,2026-11-07,,,399,32,
4400169,10,A25,Shivneri Synthetics,commodity,75/72 SD,raw white,standard,6000,EXT>TX,L02,EXT,pending,2026-10-02,2026-10-20,2026-10-25,2026-10-21,2026-11-03,,,382,31,
4400170,10,A04,Bhavani Textile Corporation,semi,120/48 SD,light,standard,1500,EXT>TX,L08,EXT,pending,2026-10-04,2026-10-22,2026-10-20,2026-10-16,2026-10-29,,,452,81,
4400171,10,A03,Jaiswal Synthetics,commodity,150/144 SD,raw white,standard,8000,EXT>TX,L09,dispatch,"packed, not invoiced",2026-09-28,2026-10-16,2026-10-18,2026-10-16,2026-10-22,,,367,29,
4400172,10,A03,Jaiswal Synthetics,commodity,50/24 SD,raw white,standard,4000,EXT>TX,L03,EXT,pending,2026-09-23,2026-10-11,2026-10-12,2026-10-08,2026-10-21,,,367,29,
4400173,10,A02,Rasipuram Agencies,commodity,200/96 SD,MX,standard,3000,EXT>TX,L14,dispatch,"packed, not invoiced",2026-09-23,2026-10-11,2026-10-15,2026-10-13,2026-10-19,,,369,30,
4400174,10,A05,Karnavati Fabric Agency,commodity,68/24 BR,raw white,standard,3000,EXT,L03,dispatch,"packed, not invoiced",2026-09-23,2026-10-07,2026-10-10,2026-10-08,2026-10-14,,,362,29,
4400175,10,A32,Sahyadri Knits,commodity,100/48 SD,light,standard,500,EXT,L06,dispatch,"packed, not invoiced",2026-10-02,2026-10-16,2026-10-20,2026-10-18,2026-10-24,,,380,30,
4400176,10,A04,Bhavani Textile Corporation,semi,68/24 SD,light,standard,4000,EXT>TX>TW,L02,EXT,pending,2026-10-01,2026-10-22,2026-10-28,2026-10-24,2026-11-06,,,452,81,
4400177,10,A29,Thar Rugs,semi,68/24 SD,raw white,standard,3000,EXT>TX,L02,EXT,pending,2026-10-04,2026-10-22,2026-10-30,2026-10-26,2026-11-08,,,466,84,
4400178,10,A02,Rasipuram Agencies,commodity,300/144 FD,raw white,standard,4000,EXT>TW,L13,TW,running,2026-09-28,2026-10-19,2026-10-13,2026-10-11,2026-10-17,,,369,30,
4400179,10,A01,Velan Yarn Traders,commodity,300/96 FD,raw white,standard,8000,EXT>TX,L13,TX,running,2026-10-02,2026-10-20,2026-10-28,2026-10-26,2026-11-01,,,364,29,
4400180,10,A41,Godavari Trading Co,commodity,300/96 SD,raw white,standard,8000,EXT,L12,EXT,pending,2026-10-02,2026-10-16,2026-10-23,2026-10-19,2026-11-01,,,376,30,
4400181,10,A07,Kongu Weaves Exports,specialty,68/24 BR,raw white,standard,600,EXT,L04,EXT,running,2026-09-29,,2026-10-19,2026-10-17,2026-10-23,,,694,278,
4400182,10,A02,Rasipuram Agencies,commodity,100/48 FD,light,standard,12000,EXT>TX,L10,dispatch,"packed, not invoiced",2026-10-03,2026-10-21,2026-10-24,2026-10-22,2026-10-28,,,369,30,
4400183,10,A03,Jaiswal Synthetics,commodity,68/24 SD,light,standard,6000,EXT,L04,EXT,running,2026-10-03,2026-10-17,2026-10-18,2026-10-16,2026-10-22,,,367,29,
4400184,10,A07,Kongu Weaves Exports,commodity,300/144 SD,raw white,standard,4000,EXT>TX>TW,L11,EXT,pending,2026-09-28,2026-10-19,2026-10-22,2026-10-18,2026-10-31,,,385,31,
4400185,10,A05,Karnavati Fabric Agency,commodity,300/144 BR,light,standard,6000,EXT>TX,L12,EXT,running,2026-09-27,2026-10-15,2026-10-22,2026-10-20,2026-10-26,,,362,29,
4400186,10,A20,Tapti Yarn House,commodity,120/48 SD,light,standard,6000,EXT,L08,EXT,running,2026-09-25,2026-10-09,2026-10-14,2026-10-12,2026-10-18,,,365,29,
4400187,10,A05,Karnavati Fabric Agency,commodity,120/48 SD,raw white,standard,12000,EXT,L08,EXT,running,2026-10-04,,2026-10-18,2026-10-16,2026-10-22,,,362,29,
4400188,10,A25,Shivneri Synthetics,commodity,120/48 BR,dark,standard,3000,EXT>TX,L10,TX,running,2026-10-01,2026-10-19,2026-10-28,2026-10-26,2026-11-01,,,382,31,
4400189,10,A15,Vaigai Carpets,semi,75/72 SD,dark,standard,2000,EXT>TX,L05,EXT,pending,2026-09-27,2026-10-15,2026-10-09,2026-10-05,2026-10-18,,,504,91,
4400190,10,A05,Karnavati Fabric Agency,commodity,150/144 SD,dark,standard,6000,EXT,L09,EXT,pending,2026-10-01,2026-10-15,2026-10-23,2026-10-19,2026-11-01,,,362,29,
4400191,10,A03,Jaiswal Synthetics,commodity,200/96 SD,dope-dyed black,standard,8000,EXT>TW,L11,TW,running,2026-09-29,2026-10-20,2026-10-23,2026-10-21,2026-10-27,,,367,29,
4400192,10,A01,Velan Yarn Traders,commodity,75/72 SD,light,standard,10000,EXT,L02,EXT,pending,2026-09-24,2026-10-08,2026-10-16,2026-10-12,2026-10-25,,,364,29,
4400193,10,A02,Rasipuram Agencies,commodity,150/48 BR,raw white,standard,12000,EXT,L07,EXT,pending,2026-10-02,2026-10-16,2026-10-22,2026-10-18,2026-10-31,,,369,30,
4400194,10,A08,KW Home Textiles,commodity,100/48 BR,dope-dyed black,standard,4000,EXT>TX>TW,L07,EXT,pending,2026-09-27,2026-10-18,2026-10-24,2026-10-20,2026-11-02,,,390,31,
4400195,10,A06,Kongu Weaves,specialty,120/48 SD,light,standard,1000,EXT>TX>TW,L10,EXT,pending,2026-09-27,2026-10-18,2026-10-21,2026-10-17,2026-10-30,,,692,277,
4400196,10,A01,Velan Yarn Traders,commodity,200/96 SD,raw white,standard,10000,EXT,L11,EXT,running,2026-09-28,2026-10-12,2026-10-09,2026-10-07,2026-10-13,,,364,29,
4400197,10,A02,Rasipuram Agencies,commodity,75/36 FD,MX,standard,8000,EXT>TW,L01,EXT,running,2026-09-29,2026-10-20,2026-10-18,2026-10-16,2026-10-22,,,369,30,
4400198,10,A05,Karnavati Fabric Agency,commodity,150/48 BR,raw white,standard,12000,EXT>TX,L06,EXT,running,2026-09-30,2026-10-18,2026-10-19,2026-10-17,2026-10-23,,,362,29,
4400199,10,A04,Bhavani Textile Corporation,commodity,68/24 BR,dark,standard,2500,EXT,L03,dispatch,"packed, not invoiced",2026-09-24,2026-10-08,2026-10-13,2026-10-11,2026-10-17,,,373,30,
4400200,10,A01,Velan Yarn Traders,commodity,75/72 BR,raw white,standard,3000,EXT>TX,L03,EXT,pending,2026-09-23,,2026-10-19,2026-10-15,2026-10-28,,,364,29,
4400201,10,A01,Velan Yarn Traders,commodity,68/24 SD,dark,standard,12000,EXT,L03,EXT,running,2026-09-30,2026-10-14,2026-10-13,2026-10-11,2026-10-17,,,364,29,
4400202,10,A05,Karnavati Fabric Agency,commodity,200/96 SD,dark,standard,4000,EXT>TX>TW,L11,EXT,pending,2026-10-01,2026-10-22,2026-10-22,2026-10-18,2026-10-31,,,362,29,
4400203,10,A15,Vaigai Carpets,commodity,75/36 BR,light,standard,1000,EXT>TX,L03,EXT,pending,2026-10-02,2026-10-20,2026-10-22,2026-10-18,2026-10-31,,,416,33,
4400204,10,A03,Jaiswal Synthetics,commodity,200/96 SD,raw white,standard,12000,EXT>TX,L12,EXT,pending,2026-10-01,2026-10-19,2026-10-20,2026-10-16,2026-10-29,,,367,29,
4400205,10,A05,Karnavati Fabric Agency,commodity,75/72 SD,light,standard,8000,EXT,L05,dispatch,"packed, not invoiced",2026-09-30,2026-10-14,2026-10-08,2026-10-06,2026-10-12,,,362,29,
4400206,10,A02,Rasipuram Agencies,commodity,75/72 SD,raw white,standard,6000,EXT,L02,EXT,running,2026-09-28,2026-10-12,2026-10-18,2026-10-16,2026-10-22,,,369,30,
4400207,10,A45,Mandovi Sailcloth,specialty,300/96 BR,dope-dyed black,standard,4000,EXT,L13,EXT,pending,2026-10-03,2026-10-17,2026-10-17,2026-10-13,2026-10-26,,,707,283,
4400208,10,A07,Kongu Weaves Exports,commodity,200/96 FD,light,standard,1200,EXT,L12,EXT,pending,2026-10-04,2026-10-18,2026-10-23,2026-10-19,2026-11-01,,,385,31,
4400209,10,A04,Bhavani Textile Corporation,semi,150/144 FD,dark,standard,1000,EXT>TX,L06,EXT,pending,2026-10-02,2026-10-20,2026-10-19,2026-10-15,2026-10-28,,,452,81,
4400210,10,A25,Shivneri Synthetics,commodity,100/48 FD,dope-dyed black,standard,3000,EXT,L09,EXT,pending,2026-10-01,2026-10-15,2026-10-15,2026-10-11,2026-10-24,,,382,31,
4400211,10,A21,Konark Shades,semi,200/96 SD,dark,standard,3000,EXT,L12,EXT,pending,2026-10-04,2026-10-18,2026-10-19,2026-10-15,2026-10-28,,,463,83,
4400212,10,A07,Kongu Weaves Exports,commodity,300/96 SD,MX,standard,600,EXT,L12,EXT,running,2026-10-03,2026-10-17,2026-10-17,2026-10-15,2026-10-21,,,385,31,
4400213,10,A03,Jaiswal Synthetics,commodity,68/24 SD,light,standard,4000,EXT>TX,L01,TX,running,2026-10-01,,2026-10-20,2026-10-18,2026-10-24,,,367,29,
4400214,10,A04,Bhavani Textile Corporation,commodity,75/72 SD,dark,standard,2500,EXT>TX>TW,L05,EXT,pending,2026-10-04,2026-10-25,2026-10-30,2026-10-26,2026-11-08,,,373,30,
4400215,10,A04,Bhavani Textile Corporation,commodity,300/144 SD,dark,standard,4000,EXT>TX>TW,L12,EXT,pending,2026-10-03,2026-10-24,2026-10-25,2026-10-21,2026-11-03,,,373,30,
4400216,10,A01,Velan Yarn Traders,commodity,75/36 SD,light,standard,12000,EXT>TX>TW,L02,EXT,pending,2026-09-24,2026-10-15,2026-10-25,2026-10-21,2026-11-03,,,364,29,
4400217,10,A16,Aravali Rug Works,commodity,75/72 SD,dark,standard,3000,EXT>TX,L04,dispatch,"packed, not invoiced",2026-09-28,2026-10-16,2026-10-19,2026-10-17,2026-10-23,,,386,31,
4400218,10,A16,Aravali Rug Works,commodity,120/48 SD,dark,standard,500,EXT,L06,EXT,pending,2026-09-30,2026-10-14,2026-10-13,2026-10-09,2026-10-22,,,386,31,
4400219,10,A16,Aravali Rug Works,semi,120/48 SD,raw white,standard,800,EXT>TX,L08,EXT,running,2026-09-27,2026-10-15,2026-10-19,2026-10-17,2026-10-23,,,467,84,
4400220,10,A20,Tapti Yarn House,commodity,300/144 SD,raw white,standard,10000,EXT,L14,EXT,pending,2026-10-01,2026-10-15,2026-10-13,2026-10-09,2026-10-22,,,365,29,
4400221,10,A04,Bhavani Textile Corporation,commodity,250/48 FD,raw white,standard,2500,EXT>TX,L13,TX,running,2026-09-25,2026-10-13,2026-10-15,2026-10-13,2026-10-19,,,373,30,
4400222,10,A13,Sathya Tapes,specialty,200/96 BR,MX,standard,2000,EXT,L13,EXT,pending,2026-10-02,2026-10-16,2026-10-22,2026-10-18,2026-10-31,,,728,291,
4400223,10,A04,Bhavani Textile Corporation,commodity,300/144 BR,raw white,standard,2000,EXT>TX>TW,L12,EXT,pending,2026-10-02,2026-10-23,2026-10-26,2026-10-22,2026-11-04,,,373,30,
4400224,10,A03,Jaiswal Synthetics,semi,300/96 SD,light,standard,6000,EXT>TW,L12,EXT,pending,2026-10-03,2026-10-24,2026-10-28,2026-10-24,2026-11-06,,,444,80,
4400225,10,A37,Kollidam Tapes,semi,150/48 SD,dark,standard,1000,EXT>TX,L07,EXT,pending,2026-10-01,2026-10-19,2026-10-23,2026-10-19,2026-11-01,,,449,81,
4400226,10,A29,Thar Rugs,commodity,50/24 FD,dope-dyed black,standard,500,EXT>TX>TW,L05,TW,running,2026-09-28,2026-10-19,2026-10-19,2026-10-17,2026-10-23,,,385,31,
4400227,10,A04,Bhavani Textile Corporation,semi,75/72 SD,raw white,standard,800,EXT,L03,dispatch,"packed, not invoiced",2026-09-30,2026-10-14,2026-10-16,2026-10-14,2026-10-20,,,452,81,
4400228,10,A04,Bhavani Textile Corporation,commodity,120/48 BR,raw white,standard,1000,EXT>TX>TW,L06,EXT,pending,2026-10-04,2026-10-25,2026-11-01,2026-10-28,2026-11-10,,,373,30,
4400229,10,A08,KW Home Textiles,commodity,150/144 SD,raw white,standard,800,EXT>TX>TW,L09,EXT,pending,2026-09-30,2026-10-21,2026-10-22,2026-10-18,2026-10-31,,,390,31,
4400230,10,A22,Palar Furnishing Fabrics,semi,300/144 FD,dark,standard,800,EXT,L14,EXT,pending,2026-10-02,2026-10-16,2026-10-10,2026-10-06,2026-10-19,,,464,84,
4400231,10,A01,Velan Yarn Traders,commodity,150/48 SD,raw white,standard,6000,EXT,L07,dispatch,"packed, not invoiced",2026-09-29,2026-10-13,2026-10-14,2026-10-12,2026-10-18,,,364,29,
4400232,10,A01,Velan Yarn Traders,semi,100/48 SD,raw white,standard,10000,EXT>TX,L08,EXT,pending,2026-09-26,2026-10-14,2026-10-17,2026-10-13,2026-10-26,,,441,79,
4400233,10,A01,Velan Yarn Traders,commodity,300/96 FD,light,standard,4000,EXT>TX,L14,dispatch,"packed, not invoiced",2026-09-28,,2026-10-12,2026-10-10,2026-10-16,,,364,29,
4400234,10,A25,Shivneri Synthetics,semi,75/36 SD,dark,standard,8000,EXT>TX,L05,EXT,pending,2026-10-04,2026-10-22,2026-11-04,2026-10-31,2026-11-13,,,462,83,
4400235,10,A25,Shivneri Synthetics,commodity,68/24 SD,raw white,standard,3000,EXT>TX>TW,L02,TW,running,2026-10-01,2026-10-22,2026-10-20,2026-10-18,2026-10-24,,,382,31,
4400236,10,A02,Rasipuram Agencies,specialty,68/24 FD,dark,standard,4000,EXT>TX>TW,L05,TX,running,2026-09-30,2026-10-21,2026-10-24,2026-10-22,2026-10-28,,,666,266,
4400237,10,A29,Thar Rugs,semi,68/24 SD,MX,standard,1200,EXT>TX,L04,EXT,running,2026-09-28,,2026-10-15,2026-10-13,2026-10-19,,,466,84,
4400238,10,A02,Rasipuram Agencies,commodity,150/144 SD,light,standard,6000,EXT,L06,EXT,pending,2026-10-04,2026-10-18,2026-10-08,2026-10-04,2026-10-17,,,369,30,
4400239,10,A02,Rasipuram Agencies,semi,50/24 SD,dope-dyed black,standard,8000,EXT,L05,EXT,running,2026-10-04,2026-10-18,2026-10-23,2026-10-21,2026-10-27,,,447,80,
4400240,10,A02,Rasipuram Agencies,semi,75/72 SD,dope-dyed black,standard,12000,EXT>TX>TW,L03,dispatch,"packed, not invoiced",2026-09-28,2026-10-19,2026-10-19,2026-10-17,2026-10-23,,,447,80,
4400241,10,A04,Bhavani Textile Corporation,semi,50/24 SD,light,standard,3000,EXT>TX,L04,EXT,pending,2026-09-30,2026-10-18,2026-10-22,2026-10-18,2026-10-31,,,452,81,
4400242,10,A03,Jaiswal Synthetics,commodity,250/48 FD,light,standard,8000,EXT>TW,L12,EXT,running,2026-10-02,2026-10-23,2026-10-21,2026-10-19,2026-10-25,,,367,29,
4400243,10,A34,Ponni Home Linen,commodity,75/72 FD,MX,standard,3000,EXT,L01,EXT,running,2026-09-30,2026-10-14,2026-10-16,2026-10-14,2026-10-20,,,386,31,
4400244,10,A05,Karnavati Fabric Agency,commodity,75/72 FD,raw white,standard,6000,EXT>TX,L05,EXT,pending,2026-09-27,2026-10-15,2026-10-17,2026-10-13,2026-10-26,,,362,29,
4400245,10,A02,Rasipuram Agencies,commodity,100/48 SD,raw white,standard,10000,EXT>TX>TW,L07,EXT,running,2026-10-02,2026-10-23,2026-10-22,2026-10-20,2026-10-26,,,369,30,
4400246,10,A04,Bhavani Textile Corporation,semi,75/36 SD,MX,standard,1500,EXT>TX,L04,EXT,pending,2026-10-04,2026-10-22,2026-10-28,2026-10-24,2026-11-06,,,452,81,
4400247,10,A23,Amaravati Weaving Co,commodity,300/144 SD,dark,standard,1000,EXT>TX,L13,EXT,pending,2026-09-30,2026-10-18,2026-10-22,2026-10-18,2026-10-31,,,377,30,
4400248,10,A03,Jaiswal Synthetics,commodity,120/48 SD,dark,standard,12000,EXT>TX,L06,TX,running,2026-09-26,2026-10-14,2026-10-15,2026-10-13,2026-10-19,,,367,29,
4400249,10,A28,Malabar Coir and Yarn,semi,300/144 SD,light,standard,3000,EXT,L13,EXT,pending,2026-10-03,2026-10-17,2026-10-27,2026-10-23,2026-11-05,,,485,87,
4400250,10,A06,Kongu Weaves,commodity,150/48 SD,raw white,standard,2000,EXT,L06,EXT,pending,2026-09-27,2026-10-11,2026-10-19,2026-10-15,2026-10-28,,,383,31,
4400251,10,A01,Velan Yarn Traders,commodity,50/24 SD,light,standard,12000,EXT,L04,EXT,running,2026-09-30,2026-10-14,2026-10-16,2026-10-14,2026-10-20,,,364,29,
4400252,10,A25,Shivneri Synthetics,commodity,75/36 SD,raw white,standard,10000,EXT>TX>TW,L05,dispatch,"packed, not invoiced",2026-10-01,2026-10-22,2026-10-28,2026-10-26,2026-11-01,,,382,31,
4400253,10,A05,Karnavati Fabric Agency,commodity,300/96 SD,light,standard,8000,EXT,L12,EXT,pending,2026-09-28,2026-10-12,2026-10-14,2026-10-10,2026-10-23,,,362,29,
4400254,10,A04,Bhavani Textile Corporation,semi,150/144 BR,raw white,standard,1200,EXT>TX>TW,L07,EXT,pending,2026-10-02,2026-10-23,2026-11-04,2026-10-31,2026-11-13,,,452,81,
4400255,10,A08,KW Home Textiles,semi,150/144 SD,light,standard,1200,EXT,L07,EXT,pending,2026-09-29,2026-10-13,2026-10-13,2026-10-09,2026-10-22,,,472,85,
4400256,10,A32,Sahyadri Knits,specialty,150/48 SD,light,standard,500,EXT>TX>TW,L09,TX,running,2026-10-02,2026-10-23,2026-10-18,2026-10-16,2026-10-22,,,685,274,
4400257,10,A02,Rasipuram Agencies,commodity,75/36 SD,light,standard,10000,EXT,L04,EXT,pending,2026-10-03,,2026-10-18,2026-10-14,2026-10-27,,,369,30,
4400258,10,A05,Karnavati Fabric Agency,semi,68/24 SD,raw white,standard,3000,EXT,L02,dispatch,"packed, not invoiced",2026-09-29,,2026-10-20,2026-10-18,2026-10-24,,,438,79,
4400259,10,A04,Bhavani Textile Corporation,commodity,100/48 SD,MX,standard,3000,EXT>TX>TW,L10,EXT,pending,2026-09-28,2026-10-19,2026-10-23,2026-10-19,2026-11-01,,,373,30,
4400260,10,A05,Karnavati Fabric Agency,commodity,150/48 SD,dark,standard,8000,EXT,L10,EXT,pending,2026-09-23,2026-10-07,2026-10-10,2026-10-06,2026-10-19,,,362,29,
4400261,10,A03,Jaiswal Synthetics,commodity,75/36 BR,dark,standard,10000,EXT,L05,EXT,pending,2026-10-04,2026-10-18,2026-10-23,2026-10-19,2026-11-01,,,367,29,
4400262,10,A01,Velan Yarn Traders,commodity,100/48 SD,raw white,standard,4000,EXT>TX>TW,L07,dispatch,"packed, not invoiced",2026-10-02,2026-10-23,2026-10-26,2026-10-24,2026-10-30,,,364,29,
4400263,10,A22,Palar Furnishing Fabrics,commodity,150/144 BR,light,standard,3000,EXT,L10,EXT,pending,2026-09-28,,2026-10-15,2026-10-11,2026-10-24,,,383,31,
4400264,10,A08,KW Home Textiles,semi,50/24 BR,raw white,standard,1500,EXT>TX>TW,L01,EXT,pending,2026-09-27,2026-10-18,2026-10-20,2026-10-16,2026-10-29,,,472,85,
4400265,10,A31,Pennar Fabrics,commodity,200/96 FD,raw white,standard,4000,EXT,L13,EXT,pending,2026-09-23,,2026-10-17,2026-10-13,2026-10-26,,,405,32,
4400266,10,A01,Velan Yarn Traders,commodity,150/144 FD,dark,standard,3000,EXT,L08,EXT,pending,2026-09-23,2026-10-07,2026-10-14,2026-10-10,2026-10-23,,,364,29,
4400267,10,A02,Rasipuram Agencies,semi,150/144 BR,raw white,standard,8000,EXT,L10,EXT,running,2026-09-26,2026-10-10,2026-10-14,2026-10-12,2026-10-18,,,447,80,
4401100,10,A09,Ambara Furnishings,specialty,150/48 BR,light,cationic,900,EXT,L09,EXT,pending,2026-09-16,2026-10-04,2026-10-26,2026-10-11,2026-11-08,,,791,316,Waiting for cationic campaign: 2.1 t booked of 4 t needed
4402100,10,A10,Strapline Webbing Industries,specialty,150/48 BR,light,cationic,700,EXT,L09,EXT,pending,2026-09-19,2026-10-07,2026-10-26,2026-10-11,2026-11-08,,,777,311,Waiting for cationic campaign: 2.1 t booked of 4 t needed
4403100,10,A13,Sathya Tapes,specialty,150/48 BR,light,cationic,500,EXT,L09,EXT,pending,2026-09-23,2026-10-11,2026-10-26,2026-10-11,2026-11-08,,,728,291,Waiting for cationic campaign: 2.1 t booked of 4 t needed
4404100,10,A01,Velan Yarn Traders,commodity,150/48 SD,raw white,standard,12000,EXT,L07,EXT,running,2026-09-30,2026-10-14,2026-10-08,2026-10-07,2026-10-10,urgent,Kartik,364,29,Priority set by MD on 30 Sep; jumped 6 lots on L06-L08
4405100,10,A05,Karnavati Fabric Agency,commodity,300/96 SD,raw white,standard,18000,EXT,L12,EXT,"offered, not confirmed",,,,,,,,352,28,Offered by customer at Rs 352/kg to fill L12 in October; peers pay about Rs 362
4406100,10,A02,Rasipuram Agencies,commodity,75/36 SD,MX,standard,1200,EXT,L04,EXT,pending,2026-09-27,2026-10-11,2026-10-14,2026-10-12,2026-10-20,,,369,30,Mixed-lustre order: cannot share a changeover
4407100,10,A04,Bhavani Textile Corporation,commodity,75/36 SD,MX,standard,1200,EXT,L04,EXT,pending,2026-09-27,2026-10-11,2026-10-14,2026-10-12,2026-10-20,,,373,30,Mixed-lustre order: cannot share a changeover
4408100,10,A20,Tapti Yarn House,commodity,75/36 SD,MX,standard,1200,EXT,L04,EXT,pending,2026-09-27,2026-10-11,2026-10-14,2026-10-12,2026-10-20,,,365,29,Mixed-lustre order: cannot share a changeover
4409100,10,A06,Kongu Weaves,semi,200/96 SD,dark,standard,4000,EXT,L11,dispatch,"packed, not invoiced",2026-08-25,2026-09-08,2026-10-07,2026-10-06,2026-10-15,,,464,84,Packed 9 Sep. Not invoiced. Reason not recorded.
